german_word,english_word,times_correct_g2e,times_correct_e2g
ähnlich,similar,0,0
anders,different(ly),0,0
Gegenteil das,opposite,0,0
hoch; höher; höchst,high; higher; highest,0,0
im Großen und Ganzen,by and large,0,0
so ... wie,as ... as,0,0
so viel(e) ... wie,as much/many ... as,0,0
Unterschied der,difference,0,0
unterschiedlich,different,0,0
vergleichen,to compare,0,0
Vergleich der,comparison,0,0
verschieden,different,0,0
viel; mehr; am meisten,much; more; most,0,0
wenigstens,at least,0,0
als,when,0,0
als ob,as if,0,0
bevor,before,0,0
bis,until; to,0,0
damit,so that; in order that,0,0
denn,as; since,0,0
entweder ... oder ...,either ... or ...,0,0
nachdem,after; afterwards,0,0
nicht nur ... sondern auch,not only ... but also,0,0
ob,whether,0,0
obwohl,although,0,0
seitdem,since,0,0
sodass (so...dass),so ... that,0,0
sowohl ... als auch ...,both ... and...,0,0
um ... zu,(in order) to,0,0
weder ... noch,neither ... nor,0,0
abgesehen davon,apart from this,0,0
angenommen dass,assuming that,0,0
außer,besides; apart from; except,0,0
außerdem,besides; furthermore,0,0
danach,afterwards,0,0
das heißt (d.h.),that is (ie),0,0
dennoch,nevertheless,0,0
deshalb,therefore; because of that,0,0
deswegen,therefore; because of that,0,0
doch,after all; on the contrary; yes,0,0
drittens,thirdly,0,0
eigentlich,actually; really,0,0
erstens,firstly,0,0
jedoch,however,0,0
leider,unfortunately,0,0
natürlich,of course; naturally,0,0
ohne Zweifel,without a doubt,0,0
schließlich,eventually; in the end; finally,0,0
sonst,otherwise; or else,0,0
sowieso,anyway; anyhow; in any case,0,0
trotzdem,nevertheless,0,0
vorausgesetzt dass,provided that,0,0
zuerst,(at) first,0,0
zufällig,by chance,0,0
zweitens,secondly,0,0
ab,from,0,0
an,at; to; on; close by,0,0
auf,on; upon; onto; on top of,0,0
aus,from; out of,0,0
bei,near; at,0,0
durch,through,0,0
entlang,along,0,0
gegen,against; at about; around,0,0
gegenüber,opposite,0,0
hinter,behind,0,0
nach,after; to; according to,0,0
neben,next to,0,0
ohne,without,0,0
über,over; above,0,0
um,around; at,0,0
unter,under; below,0,0
von,from; by; of,0,0
vor,in front of; before; ago,0,0
vorbei,over; past; by,0,0
während,during,0,0
wegen,because of,0,0
zu,to; at; for,0,0
zwischen,between,0,0
gar nicht,not at all,0,0
nicht einmal,not even,0,0
nicht mehr,no longer,0,0
nichts,nothing,0,0
nie,never,0,0
niemals,never,0,0
niemand,nobody,0,0
nirgend...,no...,0,0
noch nicht,not yet; still not,0,0
überhaupt nicht,not at all,0,0
Buchstabe der,letter,0,0
buchstabieren,to spell,0,0
Dutzend das,dozen,0,0
Nummer die,number,0,0
Paar das,pair,0,0
Zahl die,number; figure; digit,0,0
Bargeld das,cash,0,0
ein 1/2/5 - Euro-Stück,a 1/2/5 Euro coin,0,0
ein 10/20/50 - Euro-Schein,a 10/20/50 Euro note,0,0
Geldschein der,note,0,0
Geldstück das,coin,0,0
Kleingeld das,small change,0,0
Münze die,coin,0,0
Taschengeld das,pocket money,0,0
wechseln,to change,0,0
Wann?,When?,0,0
Warum?,Why?,0,0
Was für...?,What sort/type of...?,0,0
Was?,What?,0,0
Welcher/Welche/Welches?,Which?,0,0
Wer?,Who?,0,0
Wie lang(e)?,How long?,0,0
Wie viel(e)?,How much/many?,0,0
Wie?,How?,0,0
Wieso?,Why? How come ...?,0,0
Wo?,Where?,0,0
Woher?,Where from?,0,0
Wohin?,Where to?,0,0
Womit?,What with?,0,0
Alles Gute!,All the best,0,0
Bis bald!,See you later,0,0
Entschuldigung!,Excuse me/Sorry,0,0
Frohe Weihnachten!,Merry Christmas,0,0
Gern geschehen!,Don't mention it,0,0
Herzlich willkommen!,Welcome,0,0
Herzlichen Glückwunsch!,Congratulations,0,0
Prost!,Cheers,0,0
Schöne Ferien!,Have a good/nice holiday,0,0
Viel Glück!,Good luck,0,0
Ahnung die,idea; suspicion,0,0
amüsant,amusing; funny,0,0
angenehm,pleasant; agreeable,0,0
Angst haben,to be afraid/scared,0,0
ängstlich,anxious; apprehensive,0,0
ausgezeichnet,excellent,0,0
bequem,comfortable,0,0
bestimmt,definite(ly)/certain(ly),0,0
billig,cheap,0,0
blöd,stupid,0,0
Blödsinn der,nonsense; rubbish,0,0
böse,naughty; evil; angry,0,0
dafür (sein),(to be) in favour of something,0,0
dagegen (sein),(to be) against/opposed to something,0,0
das ist mir egal,it doesn't matter; it's all the same to me,0,0
denken,to think,0,0
deprimiert,depressed,0,0
die Nase voll haben,to be fed up with something,0,0
doof,stupid,0,0
eindrucksvoll,impressive,0,0
einfach,simple; simply; easy,0,0
entsetzlich,terrible; awful; appalling,0,0
es/das stimmt (nicht),that's (not) right/correct,0,0
es gefällt mir,I like it (it pleases me),0,0
es kommt darauf an; ob ...,it depends on ...; whether ...,0,0
es satt haben,to be fed up with something,0,0
froh,happy; glad; pleased,0,0
furchtbar,terrible; dreadful; awful,0,0
gefallen,to like; to please,0,0
gemütlich,cosy; comfortable,0,0
genießen,to enjoy,0,0
glauben,to believe,0,0
hassen,to hate,0,0
herrlich,marvellous; magnificent; glorious,0,0
hervorragend,excellent; outstanding,0,0
interessieren (sich für),to be interested in,0,0
keine Ahnung haben,to have no idea/no clue,0,0
klasse,brilliant; great,0,0
kompliziert,complicated,0,0
langweilen (sich),to be bored,0,0
lieb,kind; lovely; dear,0,0
lieben,to love,0,0
lustig,funny,0,0
meinen,to think,0,0
Meinung die,opinion,0,0
mies,rotten; lousy,0,0
möglich,possible,0,0
mühelos,effortless,0,0
mühsam,arduous; laborious; with difficulty,0,0
nützlich,useful,0,0
nutzlos,useless,0,0
prima,great; fantastic,0,0
sauer sein,to be cross; annoyed,0,0
schade,it's a shame/pity,0,0
schrecklich,terrible; horrible,0,0
schwierig,difficult,0,0
sensibel,sensitive,0,0
sicher,sure; safe,0,0
sogar,even,0,0
Spitze!,great,0,0
teuer,expensive; dear,0,0
typisch,typical(ly),0,0
überrascht,surprised,0,0
unglaublich,unbelievable,0,0
unmöglich,impossible,0,0
unsicher,unsure,0,0
vielleicht,perhaps,0,0
völlig,completely,0,0
vorziehen,to prefer,0,0
wahrscheinlich,probably,0,0
wichtig,important,0,0
wirklich,real(ly),0,0
wunderbar,wonderful,0,0
wunderschön,gorgeous; very beautiful,0,0
wünschen (sich),to wish,0,0
zufrieden,content; happy,0,0
zustimmen,to agree,0,0
Jahreszeit die,season,0,0
Jahr das,year,0,0
Monat der,month,0,0
genau,exactly,0,0
halb,half,0,0
Mittag der,midday,0,0
Mitternacht die,midnight,0,0
nachgehen,to be slow,0,0
pünktlich,punctual; on time,0,0
spät,late,0,0
Uhr die,clock; watch; o'clock,0,0
Um wie viel Uhr?,at what time; when?,0,0
Viertel das,quarter,0,0
vorgehen,to be fast,0,0
Wie spät ist es?,What time is it?,0,0
Wie viel Uhr ist es?,What time is it?,0,0
Zeit die,time,0,0
ab und zu,now and again,0,0
Abend der,evening,0,0
abends,in the evenings,0,0
Anfang der,beginning; start,0,0
Augenblick der,moment; instant,0,0
aus sein,to be over; finished,0,0
bald,soon,0,0
damals,then; in those days,0,0
Datum das,date,0,0
ehemalig,former,0,0
einmal,once,0,0
endlich,finally,0,0
erst,(at) first; only,0,0
fast,almost; nearly,0,0
früh,early,0,0
Gegenwart die,present (time; tense),0,0
gerade,just,0,0
gestern,yesterday,0,0
gewöhnlich,usually; normally,0,0
gleich,immediately; in a minute,0,0
heute,today,0,0
heutzutage,nowadays; these days,0,0
im Voraus,in advance,0,0
immer,always,0,0
immer wieder,again and again,0,0
inzwischen,in the meantime,0,0
Jahrhundert das,century,0,0
jetzt,now,0,0
kürzlich,recently; lately,0,0
langsam,slow(ly),0,0
letzter/letzte/letztes,last,0,0
Mal das,time,0,0
~mal,~ times,0,0
manchmal,sometimes,0,0
montags,on Mondays,0,0
morgen,tomorrow,0,0
Morgen der,morning,0,0
morgen früh,tomorrow morning,0,0
morgens,in the mornings; every morning,0,0
nachher,afterwards,0,0
Nachmittag der,afternoon,0,0
nächster/nächste/nächstes,next,0,0
Nacht die,night,0,0
nachts,at night,0,0
neulich,recently; the other day,0,0
noch einmal,once again; once more,0,0
normalerweise,normally; usually,0,0
nun,now,0,0
plötzlich,suddenly,0,0
regelmäßig,regular,0,0
schnell,quick(ly),0,0
schon,already,0,0
seit,since; for (length of time),0,0
selten,seldom; rarely,0,0
sofort,immediately; straight away,0,0
täglich,daily,0,0
übermorgen,the day after tomorrow,0,0
Vergangenheit die,past (time; tense),0,0
(bis) vor kurzem,(until) recently,0,0
vorgestern,the day before yesterday,0,0
vorher,before(hand),0,0
Vormittag der,morning,0,0
Zeitpunkt der,point in time,0,0
zu Ende sein,to come to an end; to finish,0,0
Zukunft die,future (time; tense),0,0
außen,outside,0,0
außerhalb,outside of,0,0
da,here; there,0,0
draußen,outside; outdoors,0,0
drinnen,inside; indoors,0,0
drüben,over there,0,0
entfernt,distant; (far) away,0,0
geradeaus,straight ahead,0,0
her~,from ~ (towards the speaker),0,0
hin und her,to and fro,0,0
hin und zurück,there and back; return (ticket),0,0
hin~,away ~ (from the speaker),0,0
in der Nähe von,nearby; close to,0,0
irgendwo,somewhere,0,0
liegen,to lie; to be situated (in),0,0
Meile die,mile,0,0
mitten in,in the middle of,0,0
nah,near,0,0
nirgendwo,nowhere,0,0
oben,above; up,0,0
Ort der,place,0,0
überall,everywhere,0,0
unten,at the bottom; below; down,0,0
vorwärts,forwards,0,0
weit,wide; far,0,0
zurück,back,0,0
alle (-r; -s),all; all the,0,0
alle sein,to be all gone; to have run out (of),0,0
alles,everything,0,0
anderer/andere/anderes,other; different,0,0
beide,both,0,0
breit,wide; broad,0,0
dick,thick; fat,0,0
Ding das,thing,0,0
Dose die,can; tin,0,0
dünn,thin,0,0
ein bisschen,a little,0,0
ein paar,a few; a couple,0,0
eine Menge,a lot of; lots,0,0
einige,some; a few,0,0
einzeln,single,0,0
etwa,about; roughly,0,0
Flasche die,bottle,0,0
ganz,whole; complete; quite,0,0
genug,enough,0,0
gewaltig,enormously,0,0
Größe die,size,0,0
irgend...,some...,0,0
Karton der,cardboard box,0,0
Kasten der,box; case; crate,0,0
kaum,hardly,0,0
leer,empty,0,0
leicht,light,0,0
Maß das,measure,0,0
mehrere,several,0,0
messen,to measure,0,0
mindestens,at least,0,0
mittelgroß,medium-sized,0,0
noch,still,0,0
Päckchen das,small parcel,0,0
Packung die,packet; pack,0,0
Paket das,parcel,0,0
Pfund das,pound,0,0
pro,per,0,0
Schachtel die,box; packet,0,0
Scheibe die,slice,0,0
schwer,heavy,0,0
Stück das,piece,0,0
Tüte die,bag,0,0
ungefähr,about,0,0
voll,full,0,0
wenig,little; not much,0,0
wiegen,to weigh,0,0
Kreis der,circle,0,0
rund,round,0,0
viereckig,square,0,0
bedeckt,overcast; cloudy,0,0
Blitz der,lightning,0,0
Donner der,thunder,0,0
es blitzt,it's lightning,0,0
es donnert,it's thundering,0,0
es hagelt,it's hailing,0,0
feucht,damp,0,0
frieren,to freeze,0,0
frisch,fresh,0,0
Gewitter das,thunderstorm,0,0
Grad der,degree,0,0
Hagel der,hail,0,0
heftig,heavy; severe,0,0
heiter,bright; fine; clear; fair,0,0
Himmel der,sky,0,0
Klima das,climate,0,0
kühl,cool,0,0
Mond der,moon,0,0
nass,wet,0,0
Nebel der,fog,0,0
nebelig,foggy,0,0
Niederschlag der,precipitation,0,0
Regen der,rain,0,0
regnen,to rain,0,0
Schatten der,shadow,0,0
schattig,shady,0,0
Schauer der,shower,0,0
scheinen,shine,0,0
schneien,to snow,0,0
Sturm der,storm,0,0
stürmisch,stormy,0,0
trocken,dry,0,0
Wetterbericht der,weather report,0,0
Wettervorhersage die,weather forecast,0,0
Wolke die,cloud,0,0
wolkig,cloudy,0,0
auf sein,to be open,0,0
aufmachen,to open,0,0
Ausfahrt die,exit (motorway),0,0
Ausgang der,exit (building),0,0
besetzt,occupied; engaged,0,0
Einfahrt die,entry; entrance,0,0
Eingang der,entrance (building),0,0
Eintritt der,admission,0,0
frei,free,0,0
geschlossen,closed,0,0
offen,open,0,0
öffnen,to open,0,0
schließen,to close,0,0
verboten,forbidden,0,0
zu sein,to be closed,0,0
zumachen,to close,0,0
falsch,false; wrong; incorrect,0,0
Fehler der,mistake; error,0,0
Recht haben,to be right,0,0
richtig,right; correct,0,0
Unrecht haben,to be wrong,0,0
verbessern,to correct; to improve,0,0
Verbesserung die,correction; improvement,0,0
Baumwolle die,cotton,0,0
bestehen aus,to consist of; to be made of/from,0,0
Eisen das,iron,0,0
Holz das,wood,0,0
Leder das,leather,0,0
Pappe die,cardboard,0,0
Seide die,silk,0,0
Stoff der,material,0,0
Wolle die,wool,0,0
£ = Pfund das,£ = pound sterling,0,0
AG = Arbeitsgruppe; Arbeitsgemeinschaft,work group (extra-curricular; school),0,0
d.h. = das heißt,ie = that is,0,0
DB = Deutsche Bahn,German Railways,0,0
Dr = Doktor der,doctor,0,0
gem. = gemischt,mixed,0,0
ICE = Inter-City-Express der,fast long-distance train,0,0
inkl. = inklusive,included,0,0
LKW = Lastkraftwagen der,HGV; lorry,0,0
PLZ = Postleitzahl die,postcode,0,0
usw. = und so weiter,etc = and so on,0,0
z.B. = zum Beispiel,eg = for example,0,0
allein,alone,0,0
Alter das,age,0,0
altmodisch,old-fashioned,0,0
ärgern (sich),to be annoyed,0,0
auf die Nerven gehen,to get on one's nerves,0,0
auskommen (mit),to get on (with),0,0
aussehen,to look like,0,0
Ausweis der,identity card,0,0
Bart der,beard,0,0
berühmt,famous,0,0
Besuch der,visit,0,0
besuchen,to visit,0,0
bevorzugen,to favour; to prefer,0,0
bitten,to ask; to beg,0,0
Brieffreund der,pen-friend,0,0
Brille die,spectacles; glasses,0,0
egoistisch,selfish,0,0
ehrlich,honest,0,0
Einzelkind das,only child,0,0
Enkelkind das,grandchild,0,0
entschuldigen (sich),to apologise,0,0
erlauben,to allow,0,0
ernst,serious,0,0
Erwachsene der/die,adult; grown-up,0,0
Familienmitglied das,member of the family,0,0
frech,cheeky,0,0
Freundschaft die,friendship,0,0
fühlen (sich),to feel,0,0
füttern,to feed,0,0
geboren (am),born (on),0,0
Geburt die,birth,0,0
Geburtsdatum das,date of birth,0,0
Geburtsort der,place of birth,0,0
geduldig,patient,0,0
Gefühl das,feeling,0,0
gemein,mean,0,0
gern haben,to like,0,0
geschieden,divorced,0,0
Geschlecht das,sex; gender,0,0
getrennt,separated,0,0
glatt,straight; smooth,0,0
glücklich,happy,0,0
Grund der,reason,0,0
gut/schlecht gelaunt,good/bad tempered,0,0
gute/schlechte Laune haben,to be in a good/bad mood,0,0
hässlich,ugly,0,0
heiraten,to marry,0,0
hilfsbereit,helpful,0,0
Hochzeit die,wedding,0,0
höflich,polite,0,0
hübsch,pretty,0,0
humorlos,humourless; no sense of humour,0,0
humorvoll,humorous; witty,0,0
ich kann ... gut leiden,I like ... (very much),0,0
ich kann ... nicht leiden,I can't stand .../I don't like ...,0,0
Jugendliche der/die,youth,0,0
Junge der,boy,0,0
kennen,to know (a person),0,0
kennen lernen,to get to know,0,0
komisch,funny; comical; strange; odd,0,0
kümmern (sich um),to look after,0,0
Kuss der,kiss,0,0
küssen,to kiss,0,0
leben,to live,0,0
ledig,single,0,0
Leute (pl),people,0,0
lockig,curly,0,0
Mensch der,human being,0,0
nennen,to name; to call,0,0
nerven,to get on someone's nerves,0,0
Ohr das,ear,0,0
ordentlich,tidy; neat,0,0
Persönlichkeit die,personality,0,0
Reisepass der,passport,0,0
ruhig,quiet; calm,0,0
schämen (sich),to be/feel ashamed,0,0
scheiden (sich lassen),to get divorced,0,0
Schnurrbart der,moustache,0,0
schüchtern,shy,0,0
selbst,self,0,0
selbstständig,independent,0,0
sorgen (für),to care (for); to look after,0,0
Spitzname der,nick name,0,0
Stief~,step ~,0,0
still,quiet,0,0
Streit der,argument,0,0
streiten (sich),to quarrel; to argue,0,0
streng,strict,0,0
Tätowierung die,tattoo,0,0
Traum der,dream,0,0
traurig,sad,0,0
trennen (sich),to separate,0,0
Typ der,type; person; bloke,0,0
unternehmungslustig,adventurous; like doing lots of things,0,0
vergeben,to forgive,0,0
Verhältnis das,relationship,0,0
verheiratet,married,0,0
verloben (sich),to get engaged,0,0
verlobt,engaged (to someone),0,0
verstehen (sich mit),to get on with,0,0
Vorname der,first name,0,0
vorstellen (sich),to introduce oneself,0,0
weinen,to cry,0,0
witzig,funny,0,0
Wohnort der,place of living,0,0
Zahn der,tooth,0,0
zivile Partnerschaft die,civil partnership,0,0
zusammen,together,0,0
Zwillinge (pl),twins,0,0
(aus) drucken,to print (out),0,0
Anrufbeantworter der,(telephone) answering machine,0,0
anrufen,to call; to ring (phone),0,0
benutzen/benützen,to use,0,0
beschreiben (sich),to describe (oneself),0,0
Bindestrich der,dash; hyphen,0,0
Daten (pl),data,0,0
Drucker der,printer,0,0
eingeben,to enter (data into computer/phone),0,0
empfangen,to receive,0,0
entwickeln,to develop,0,0
Entwicklung die,development,0,0
funktionieren,to work; to function,0,0
Gefahr die,danger,0,0
gehören (zu),to belong (to),0,0
herunterladen,download,0,0
hochladen,upload,0,0
Klingelton der,ringtone,0,0
lehrreich,informative; instructive; educational,0,0
löschen,to delete,0,0
Medien (pl),media,0,0
Missbrauch der,abuse,0,0
missbrauchen,to abuse,0,0
Netz das,net,0,0
Netzwerk das,network,0,0
peinlich,embarrassing,0,0
Postfach das,mail box (email),0,0
Punkt der,dot,0,0
Rechner der,calculator (phone),0,0
Risiko das,risk,0,0
schicken,to send,0,0
Schrägstrich der,forward slash,0,0
Schutz der,protection,0,0
simsen,to send an SMS/text message,0,0
soziale Medien (pl),social media,0,0
speichern,to save (data on computer),0,0
Startseite die,homepage (internet),0,0
teilen,to share,0,0
Unterstrich der,underscore,0,0
WLAN,WiFi/wifi,0,0
Abenteuerfilm der,adventure film,0,0
amüsieren (sich),to have fun; to enjoy oneself,0,0
Ananas die,pineapple,0,0
anfangen,to start; begin,0,0
angeln,to fish,0,0
Apfelsine die,orange,0,0
Aprikose die,apricot,0,0
Badeanzug der,swim suit,0,0
Badehose die,swimming trunks,0,0
bedienen,to serve,0,0
Bedienung; bitte!,Service; please!,0,0
beschweren (sich),to complain,0,0
bestellen,to order,0,0
bezahlen,to pay,0,0
Bildschirm der,screen (TV; computer),0,0
Birne die,pear,0,0
Blockflöte die,recorder,0,0
Blumenkohl der,cauliflower,0,0
Bohne die,bean,0,0
Braten der,roast meat; joint,0,0
Bratwurst die,fried sausage,0,0
drücken,press,0,0
Durst der,thirst,0,0
durstig,thirsty,0,0
Ei das,egg,0,0
Eintrittsgeld das,admission fee,0,0
Eintrittskarte die,(admission) ticket,0,0
Eisdiele die,ice cream parlour,0,0
Eislaufen das,ice-skating,0,0
empfehlen,to recommend,0,0
Erbse die,pea,0,0
Erdbeere die,strawberry,0,0
Essig der,vinegar,0,0
fechten,to fence,0,0
Federball der,badminton,0,0
folgen,to follow,0,0
Freibad das,outdoor swimming pool,0,0
Frikadelle die,rissole; meat ball,0,0
Fruchtsaft der,fruit juice,0,0
Gasthaus das,inn; pub,0,0
Gurke die,cucumber,0,0
Haferflocken (pl),(porridge) oats,0,0
Hallenbad das,indoor swimming pool,0,0
hart,hard,0,0
Hauptgericht das,main course,0,0
Herr Ober!,Waiter!,0,0
Himbeere die,raspberry,0,0
holen,to fetch; to get,0,0
Imbiss der,snack,0,0
Imbissbude die,snack bar; takeaway,0,0
Imbissstand der,snack bar; takeaway,0,0
Interesse haben an,to be interested in,0,0
Jugendklub der,youth club,0,0
Kakao der,cocoa,0,0
Kännchen das,pot (tea; coffee),0,0
Kartoffel die,potato,0,0
Käse der,cheese,0,0
kegeln,bowling (nine pin),0,0
Keks der,biscuits,0,0
Kirsche die,cherry,0,0
klettern,to climb,0,0
Korbball der,netball,0,0
köstlich,delicious,0,0
Kotelett das,pork chop,0,0
Krimi der,crime (film/book); thriller,0,0
lachen,to laugh,0,0
laufen,to run,0,0
lecker,tasty,0,0
Leinwand die,(big) screen (in cinema),0,0
Liebesfilm der,film with a love story,0,0
Lied das,song,0,0
Lust haben etwas zu tun,to feel like doing something,0,0
Mitglied das,member,0,0
Nachrichten (pl),news,0,0
Nachspeise die,dessert,0,0
Nachtisch der,dessert,0,0
Nudeln (pl),noodles; pasta,0,0
Nuss die,nut,0,0
Obst das,fruit,0,0
Öl das,oil,0,0
Pfeffer der,pepper,0,0
Pfirsich der,peach,0,0
Pflaume die,plum,0,0
Pilz der,mushroom,0,0
Praline die,chocolate (in a box of chocolates),0,0
probieren,to try; to taste,0,0
Pute die,turkey,0,0
Rechnung die,bill,0,0
rennen,to run,0,0
riechen,to smell,0,0
ringen,to wrestle,0,0
rodeln,to go sledging,0,0
roh,raw,0,0
Rollschuh laufen,to go roller skating,0,0
rudern,to row,0,0
Saft der,juice,0,0
Sahne die,cream,0,0
sammeln,to collect,0,0
satt sein,to be full up; have had enough (to eat),0,0
Schach das,chess,0,0
scharf,spicy; hot,0,0
Schaschlik das,kebab,0,0
schießen,to shoot,0,0
schmecken,to taste,0,0
Schnellimbiss der,snack bar,0,0
Segelboot das,sailing boat,0,0
segeln,to sail,0,0
Seifenoper die,soap opera,0,0
Selbstbedienung die,self-service,0,0
Sendung die,programme,0,0
Senf der,mustard,0,0
Serie die,series,0,0
Sitz(platz) der,seat,0,0
sitzen,to sit,0,0
spannend,exciting; thrilling,0,0
Speisekarte die,menu,0,0
Speisesaal der,dining hall; dining room,0,0
Spielzeug das,toy(s),0,0
Spinat der,spinach,0,0
Sportart die,type of sport,0,0
springen,to jump,0,0
Stadion das,stadium,0,0
Stehcafé das,small area with tables in a bakery or supermarket (but no seating),0,0
Stimme die,voice,0,0
stricken,to knit,0,0
Suppe die,soup,0,0
süß,sweet,0,0
Tagesgericht das,dish of the day,0,0
Tagesmenü das,menu of the day,0,0
tauchen,to dive,0,0
Thunfisch der,tuna,0,0
Tor das,goal,0,0
Torte die,gateau,0,0
Trainingsanzug der,track suit,0,0
Trainingsschuh der,sport shoe; trainers,0,0
treffen (sich mit),to meet (someone),0,0
Trinkgeld das,tip (for waiter/waitress),0,0
turnen,to do gymnastics,0,0
unterhalten (sich),to have a chat,0,0
Unterhaltung die,entertainment,0,0
Vegetarier der,vegetarian,0,0
verlieren,to lose,0,0
Volksmusik die,folk music,0,0
vorschlagen,to suggest,0,0
Vorspeise die,starter (on menu),0,0
Vorstellung die,showing; performance,0,0
wandern,to hike; to walk,0,0
weich,soft,0,0
(Wiener) Schnitzel das,veal/pork cutlet (boneless),0,0
Weintraube die,grape,0,0
Werbung die,advert(isement),0,0
werfen,to throw,0,0
Wettbewerb der,competition,0,0
Wurst die,sausage,0,0
zahlen,to pay,0,0
Zeichentrickfilm der,cartoon,0,0
Zeitschrift die,magazine,0,0
Zeitung die,newspaper,0,0
Zeug das,stuff; things; gear,0,0
ziehen,pull,0,0
Zitrone die,lemon,0,0
Zucker der,sugar,0,0
Zuschauer der,spectator; member of the audience,0,0
Zwiebel die,onion,0,0
Adventskranz der,advent wreath,0,0
anzünden,to light,0,0
Aschermittwoch der,Ash Wednesday,0,0
bekommen,to get; to receive,0,0
danken,to thank,0,0
einladen,to invite,0,0
Einladung die,invitation,0,0
Feier die,celebration,0,0
feiern,to celebrate,0,0
Feiertag der,public holiday,0,0
Fest das,festival; celebration,0,0
Feuerwerk das,fireworks,0,0
freuen (sich auf),to look forward to,0,0
freuen (sich über),to be pleased about something,0,0
Gast der,guest,0,0
Gastgeber der,host,0,0
Geschenk das,present,0,0
Heiliger Abend (24 Dez),Christmas Eve,0,0
Heilige Drei Könige (6 Jan),Epiphany,0,0
Karfreitag der,Good Friday,0,0
Karneval der,carnival,0,0
Kerze die,candle,0,0
kirchlich,religious,0,0
Lebkuchen der,type of gingerbread,0,0
Maifeiertag der,May Day,0,0
Muttertag der,Mother's Day,0,0
Neujahrstag der (1 Jan),New Year's Day,0,0
Osterei das,Easter egg,0,0
Osterhase der,Easter bunny,0,0
Ostern,Easter,0,0
Pfingsten,Whitsuntide,0,0
Sankt Nikolaus (Tag) (6 Dez),St Nicholas' Day,0,0
schmücken,to decorate,0,0
Silvester,New Year's Eve,0,0
Tag der Deutschen Einheit (3 Okt),Day of German Unity,0,0
Valentinstag der (14 Feb),St Valentine's Day,0,0
verkleiden (sich),to dress up; to disguise oneself; to put on fancy dress,0,0
verstecken,to hide,0,0
Weihnachten,Christmas,0,0
Weihnachtsbaum der,Christmas tree,0,0
Weihnachtslieder (pl),Christmas carols,0,0
1. (erste) Weihnachtstag der,Christmas Day,0,0
2. (zweite) Weihnachtstag der,Boxing Day,0,0
Ampel die,traffic light,0,0
anbieten,to offer,0,0
Angebot das,offer,0,0
anmachen,to turn/switch on,0,0
anprobieren,to try on (clothes),0,0
Apotheke die,pharmacy,0,0
Apparat der,apparatus; appliance; gadget,0,0
aufräumen,to tidy (up),0,0
ausgeben,to spend (money),0,0
ausmachen,to turn/switch off,0,0
Ausverkauf der,sale,0,0
ausverkauft,sold out,0,0
Bäckerei die,bakery,0,0
Backofen der,oven,0,0
baden,to have a bath,0,0
Badewanne die,bathtub,0,0
Bauernhaus das,farm house,0,0
Bauernhof der,farm,0,0
Baum der,tree,0,0
Berg der,mountain,0,0
Bild das,picture,0,0
Blume die,flower,0,0
braten,to fry,0,0
Brücke die,bridge,0,0
Bücherei die,library,0,0
Buchhandlung die,book shop,0,0
Bürgersteig der,pavement,0,0
Dach das,roof,0,0
Dachboden der,attic; loft,0,0
Decke die,ceiling; blanket,0,0
Denkmal das,monument,0,0
Diele die,hall,0,0
Dom der,cathedral,0,0
Doppelhaus das,semi-detached house,0,0
Drogerie die,chemist's,0,0
Ecke die,corner,0,0
eigen,own,0,0
Einfamilienhaus das,detached house,0,0
einkaufen,to shop,0,0
Einkaufskorb der,shopping basket,0,0
Einkaufstasche die,shopping bag,0,0
Einkaufswagen der,shopping trolley,0,0
einpacken,to wrap (up),0,0
Einwohner der,inhabitant,0,0
Elektrogeschäft das,shop for electrical goods,0,0
Erdgeschoss das,ground floor,0,0
Etage die,floor; storey,0,0
Etagenbett das,bunk bed,0,0
Fabrik die,factory,0,0
Feld das,field,0,0
flach,flat,0,0
Fleischerei die,butcher's,0,0
Flur der,hall; coridor,0,0
Fluss der,river,0,0
Friseur (salon) der,hairdresser's,0,0
Fußboden der,floor,0,0
Fußgängerzone die,pedestrian precinct,0,0
Gabel die,fork,0,0
Gasherd der,gas cooker,0,0
Gebäude das,building,0,0
Gegend die,region; area,0,0
günstig,reasonable; good value for money,0,0
Hafen der,harbour; port,0,0
Haltestelle die,stop (bus; tram etc),0,0
Hauptbahnhof der,main railway station,0,0
Hauptstadt die,capital city,0,0
Haushalt der,household,0,0
Hecke die,hedge,0,0
Helm der,helmet,0,0
Herd der,cooker; stove,0,0
Hochhaus das,high rise block of flats,0,0
Hügel der,hill,0,0
Insel die,island,0,0
Juweliergeschäft das,jeweller's,0,0
kaputt,broken,0,0
Kasse die,till; cash point,0,0
Kaufhaus das,department store,0,0
Kirchturm der,church tower; spire,0,0
Kleidergeschäft das,clothes shop,0,0
klingeln,to ring (bell),0,0
klopfen,to knock (door),0,0
kochen,to cook,0,0
Kochfeld das,hob,0,0
Kommode die,chest of drawers,0,0
Konditorei die,confectioner's,0,0
Kopfkissen das,pillow,0,0
kostenlos,free of charge,0,0
Kreuzung die,crossroads,0,0
Kühlschrank der,fridge,0,0
Kunde der,customer,0,0
Kunstgalerie die,art gallery,0,0
Laden der,shop,0,0
Land das,land; countryside,0,0
Landschaft die,landscape,0,0
Lebensmittelgeschäft das,grocer's,0,0
leeren,to empty,0,0
legen,to lay; to put; to place (down),0,0
Licht das,light,0,0
liefern,to deliver,0,0
Löffel der,spoon,0,0
mähen,to mow,0,0
Mahlzeit die,meal; meal time,0,0
Marke die,brand; make,0,0
Marktplatz der,market place,0,0
Mauer die,wall (outside),0,0
Messer das,knife,0,0
Metzgerei die,butcher's,0,0
Miete die,rent,0,0
mieten,to rent; to hire,0,0
Mikrowelle die,microwave oven,0,0
Möbel (pl),furniture,0,0
Mofa das,(motorised) bicycle,0,0
Motorrad das,motor bike,0,0
nach Hause,(going) home,0,0
nach oben,upstairs,0,0
nach unten,downstairs,0,0
Nachbar der,neighbour,0,0
Nachteil der,disadvantage,0,0
Nachttisch der,bedside cabinet,0,0
Obst- und Gemüseladen der,green grocer's,0,0
Ordnung die,order,0,0
Parkplatz der,parking place,0,0
Pflanze die,plant,0,0
Plakat das,poster; billboard,0,0
Platz der,place; square,0,0
putzen,to clean,0,0
Quittung die,receipt,0,0
Rasen der,lawn,0,0
Regal das,shelf,0,0
Reihenhaus das,terraced house,0,0
Reinigung die,dry cleaner's,0,0
Rolltreppe die,escalator,0,0
Sache die,thing; stuff,0,0
sauber machen,to clean,0,0
S-Bahn die,suburban (fast) railway,0,0
Schaufenster das,shop window,0,0
Schlange stehen,to queue,0,0
Schlüssel der,key,0,0
Schrank der,cupboard,0,0
Schreibwarengeschäft das,stationery shop,0,0
Schublade die,drawer,0,0
Sonderangebot das,special offer,0,0
Sonst noch etwas?,Anything else?,0,0
Spiegel der,mirror,0,0
Spielplatz der,play ground,0,0
Stadtrand der,outskirts of a town,0,0
stecken,to put (something into),0,0
stellen,to put; to place (upright),0,0
Straßenbahn die,tram,0,0
tanken,to fill up with petrol/diesel,0,0
Tankstelle die,petrol station,0,0
Tasse die,cup,0,0
Teelöffel der,teaspoon,0,0
Teller der,plate,0,0
Teppich der,carpet,0,0
Tiefkühlschrank der,freezer,0,0
Tischdecke die,table cloth,0,0
Topf der,pan,0,0
Treppe die,stairs,0,0
Turm der,tower,0,0
U-Bahn die,underground train; tube,0,0
umgeben von,surrounded by,0,0
Umgebung die,surrounding area,0,0
umziehen,to move (house),0,0
Vorhang der,curtain,0,0
Vorort der,suburb,0,0
Vorteil der,advantage,0,0
Wald der,wood; forest,0,0
Wand die,wall (inside),0,0
Warenhaus das,department store,0,0
Waschbecken das,wash basin,0,0
Wiese die,meadow,0,0
Wintergarten der,conservatory,0,0
Wohnblock der,block of flats,0,0
Zebrastreifen der,zebra crossing,0,0
abhängig sein von,to be dependent on,0,0
abnehmen,to lose weight,0,0
Ader die,vein,0,0
Altenheim das,old people's home,0,0
anonym,anonymous,0,0
atmen,breath,0,0
aufgeben,to give up,0,0
aufhören,to stop,0,0
Ausländer der,foreigner,0,0
ausländisch,foreign,0,0
betrunken,drunk; intoxicated,0,0
Bewegung die,movement; exercise,0,0
bewusstlos,unconscious,0,0
Bewusstsein das,consciousness,0,0
Bio~,biological ~; organic,0,0
Blut das,blood,0,0
brechen,to be sick; to break,0,0
Droge die,drug,0,0
Drogenhändler der,drug dealer,0,0
Drogensüchtige der/die,drug addict,0,0
Einwanderer der,immigrant,0,0
entspannen (sich),to relax,0,0
Ernährung die,food; nourishment; nutrition,0,0
Erste Hilfe,First Aid,0,0
es geht mir gut/schlecht,I am fine; well/not well,0,0
Fett das,fat,0,0
fettig,fatty,0,0
fettleibig,obese,0,0
Feuerwehr die,fire brigade,0,0
freiwillig,voluntarily,0,0
Freiwillige der/die,volunteer,0,0
gebrochen,broken,0,0
gesund,healthy,0,0
Gesundheit die,health,0,0
Gewicht das,weight,0,0
gewinnen,to win,0,0
halten,to hold; to keep,0,0
Hautfarbe die,colour of the skin,0,0
Heim das,home; hostel,0,0
helfen,to help,0,0
Herz das,heart,0,0
Hilfe die,help,0,0
hilflos,helpless,0,0
in Form sein,to be in form/in (good) shape,0,0
krank,ill,0,0
Krankenhaus das,hospital,0,0
Krankenwagen der,ambulance,0,0
Krankheit die,illness,0,0
Krebs der,cancer,0,0
Leber die,liver,0,0
Magen der,stomach,0,0
Medikament das,medicine,0,0
Preis der,prize,0,0
Rasse die,race,0,0
Rassismus der,racism,0,0
rassistisch,racist,0,0
rauchen,to smoke,0,0
Ruhe die,peace; quiet; tranquillity,0,0
Schmerz der,pain; ache,0,0
...schmerzen haben,to have ...ache,0,0
Sorge die,worry,0,0
sorgen für,to care for; to look after,0,0
spenden,to donate,0,0
Spritze die,syringe; injection,0,0
spritzen,to inject,0,0
sterben,to die,0,0
Sucht die,addiction,0,0
süchtig,addicted; addictive,0,0
Tierheim das,animal shelter,0,0
tot,dead,0,0
übel (mir ist),I feel ill; sick,0,0
Unfall der,accident,0,0
Vene die,vein,0,0
Verkehrsunfall der,traffic accident,0,0
verletzen (sich),to be/get injured,0,0
Verletzung die,injury,0,0
weh tun,to hurt,0,0
Wohltätigkeit die,charity,0,0
Wohltätigkeitskonzert das,charity concert,0,0
Wohltätigkeitsveranstaltung die,charity event,0,0
zunehmen,to put on weight,0,0
Abfall der,rubbish; waste,0,0
Abfalleimer der,rubbish bin; litter bin,0,0
Abgase (pl),exhaust fumes,0,0
Achtung die,respect; esteem,0,0
alternative Energiequelle die,alternative source of energy,0,0
Altpapier das,waste paper,0,0
anbauen,to grow,0,0
arbeitslos,unemployed,0,0
arm,poor,0,0
Armut die,poverty,0,0
aussterben,to die out,0,0
bedrohen,to threaten,0,0
Benzin das,petrol,0,0
Bettler der,beggar,0,0
Bevölkerung die,population,0,0
biologisch,biological; organic,0,0
Biomüll der,organic waste,0,0
bleifrei,lead free,0,0
brauchen,to need,0,0
Brennstoff der,fuel,0,0
chemisch,chemical(ly),0,0
Dieb der,thief,0,0
Diskriminierung die,discrimination,0,0
einsam,lonely,0,0
entsorgen,to dispose of (waste; refuse; sewage),0,0
erfrieren,to freeze to death,0,0
Fahrradweg der,bicycle track/lane,0,0
FCKWs,CFCs,0,0
fliehen,to flee,0,0
Flüchtling der,refugee,0,0
Gebrauch der,usage,0,0
gefährlich,dangerous,0,0
Gesellschaft die,society,0,0
Gewalt die,violence,0,0
gewalttätig,violent,0,0
heizen,to heat,0,0
Heizung die,heating,0,0
Kaugummi der,chewing gum,0,0
keinen festen Wohnsitz haben,to have no fixed abode,0,0
Kohle die,coal,0,0
Kraftwerk das,power station,0,0
Krieg der,war,0,0
Kunststoff der,man-made/synthetic material,0,0
Lärm der,noise,0,0
laut,noisy,0,0
Leben das,life,0,0
Luft die,air,0,0
Luftverschmutzung die,air pollution,0,0
Müll der,refuse; waste; rubbish,0,0
Mülltonne die,dustbin,0,0
obdachlos,homeless,0,0
öffentlich,public(ly),0,0
Opfer das,victim,0,0
Ozonloch das,hole in the ozone layer,0,0
Ozonschicht die,ozone layer,0,0
Pfand das,deposit,0,0
reich,rich,0,0
reinigen,to clean,0,0
sauber,clean,0,0
Sauerstoff der,oxygen,0,0
saure Regen der,acid rain,0,0
Schaden der,damage,0,0
schädlich,harmful,0,0
Schale die,skin (fruit); peel (potato); shell (egg),0,0
schmutzig,dirty,0,0
schützen,to protect,0,0
schwach,weak,0,0
Solarzelle die,solar cell,0,0
Sonnenenergie die,solar energy,0,0
Sozialhilfe die,income support,0,0
Sozialwohnung die,council flat,0,0
sparen,to save; to conserve,0,0
Spraydose die,aerosol,0,0
stark,strong,0,0
stehlen,to steal,0,0
Suppenküche die,soup kitchen,0,0
Treibhauseffekt der,greenhouse effect,0,0
überbevölkert,over-populated,0,0
ultraviolette Strahlen (pl),ultra-violet rays,0,0
Umfrage die,survey; opinion poll,0,0
Umwelt die,environment,0,0
umweltfeindlich,environmentally hostile,0,0
umweltfreundlich,environmentally friendly,0,0
unterstützen,to support,0,0
Unterstützung die,support; help,0,0
Verbrauch der,consumption,0,0
Verbrechen das,crime,0,0
Verbrecher der,criminal,0,0
Verkehr der,traffic,0,0
Verkehrsmittel das,means of transport,0,0
Verpackung die,packaging,0,0
verschmutzen,to pollute,0,0
Verschmutzung die,pollution,0,0
verschwinden,to disappear,0,0
vertreiben,to drive out; to expel,0,0
Wasserkraft die,hydroelectric power,0,0
Wasserverschmutzung die,water pollution,0,0
wegwerfen,to throw away,0,0
weltweit,worldwide,0,0
zerstören,to destroy,0,0
Zuhause das,home; house,0,0
abfahren,to leave; to depart,0,0
abholen,to collect; to pick up,0,0
ankommen,to arrive,0,0
Asien,Asia,0,0
Ausflug der,trip; excursion,0,0
ausfüllen,to fill in,0,0
Ausland das,foreign country; abroad,0,0
Aussicht die,view,0,0
aussteigen,to alight; get off (bus),0,0
Bahnsteig der,platform,0,0
Belgien,Belgium,0,0
beliebt,popular,0,0
besichtigen,to sightsee; to visit; to have a look,0,0
bleiben,to stay,0,0
Blick der,view; glance,0,0
Boot das,boat,0,0
Briefkasten der,letter box,0,0
Briefmarke die,postage stamp,0,0
Burg die,(fortified) castle,0,0
Campingplatz der,campsite,0,0
Donau die,Danube,0,0
Doppelzimmer das,double room,0,0
einsteigen,to get in/on,0,0
Einzelzimmer das,single room,0,0
entwerten,to stamp/validate a ticket,0,0
Erinnerung die,memory,0,0
erleben,to experience,0,0
Ermäßigung die,reduction,0,0
Fähre die,ferry,0,0
Fahrkarte die,ticket,0,0
Fahrkartenautomat der,ticket machine,0,0
Fahrkartenschalter der,ticket office,0,0
Fahrpreis der,fare,0,0
Fahrradvermietung die,bicycle hire,0,0
Fahrt die,journey,0,0
Flug der,flight,0,0
Flughafen der,airport,0,0
Flugzeug das,plane,0,0
Formular das,form,0,0
Fotoapparat der,camera,0,0
Führung die,guided tour,0,0
Gepäck das,luggage,0,0
Gleis das,track; platform,0,0
Griechenland,Greece,0,0
Halbpension die,half board,0,0
herumfahren,to travel around,0,0
Jugendherberge die,youth hostel,0,0
Koffer der,suitcase,0,0
Köln,Cologne,0,0
Küste die,coast,0,0
Linie die,line; number (tram; bus),0,0
Meer das,sea,0,0
Mittelmeer das,Mediterranean,0,0
Mosel die,Moselle,0,0
München,Munich,0,0
Notausgang der,emergency exit,0,0
Öffnungszeiten (pl),opening times,0,0
örtlich,local,0,0
Ostsee die,Baltic Sea,0,0
Panne die,breakdown; puncture; flat tyre,0,0
Passagier der,passenger,0,0
Pension die,(small) hotel,0,0
Polen,Poland,0,0
Reise die,journey; trip; voyage,0,0
Reisebüro das,travel agency,0,0
Reisebus der,coach,0,0
reisen,to travel,0,0
Reisende der/die,traveller,0,0
Reisescheck der,traveller's cheque,0,0
Reisetasche die,travel bag,0,0
Reiseziel das,destination,0,0
Rhein der,Rhine,0,0
Richtung die,direction,0,0
Rundfahrt die,round trip; tour,0,0
Russland,Russia,0,0
Schließfach das,locker,0,0
Schloss das,castle; palace,0,0
See der,lake,0,0
See die,sea,0,0
seekrank,sea sick,0,0
sehenswert,worth seeing,0,0
Sehenswürdigkeit die,tourist attraction; sight,0,0
Sicherheitsgurt der,safety belt; seat belt,0,0
sonnen (sich),to sunbathe,0,0
Sonnenbrand der,sunburn,0,0
Sonnencreme die,suntan lotion,0,0
Speisewagen der,dining car; restaurant car (train),0,0
Stadtbummel der,stroll through town; window shopping,0,0
Stadtrundfahrt die,sightseeing tour of a town/city,0,0
Stau der,traffic jam,0,0
Strand der,beach,0,0
Straßenkarte die,road map,0,0
Überfahrt die,crossing (sea),0,0
übernachten,to stay overnight,0,0
Übernachtung die,overnight stay,0,0
Übernachtung mit Frühstück,B&B,0,0
überqueren,to cross (road; sea),0,0
umsteigen,to change (means of transport),0,0
unterwegs,on the way,0,0
Urlaub der,holiday,0,0
verbringen,to spend (time),0,0
verpassen,to miss,0,0
Verspätung die,delay,0,0
Vollpension die,full board,0,0
warten (auf),to wait (for),0,0
Wartesaal der,waiting room (eg station),0,0
weg,away,0,0
Weg der,way; path,0,0
wegfahren,to leave; to travel away,0,0
weggehen,to leave; to go away,0,0
weiterfahren,to travel on,0,0
wieder,again,0,0
Wien,Vienna,0,0
Wohnwagen der,caravan,0,0
Zelt das,tent,0,0
zelten,to camp,0,0
Zweibettzimmer das,twin bed room,0,0
Direktor der,headteacher; principal,0,0
Fach das,subject,0,0
Fremdsprache die,foreign language,0,0
gerecht,fair; just,0,0
klug,clever; intelligent,0,0
lehren,to teach,0,0
Schulfach das,school subject,0,0
Schulleiter der,headteacher; principal,0,0
Stunde die,lesson,0,0
ungerecht,unfair,0,0
Werken,DT,0,0
1 = sehr gut,very good,0,0
2 = gut,good,0,0
3 = befriedigend,satisfactory; fair,0,0
4 = ausreichend,sufficient; pass (just),0,0
5 = mangelhaft,poor; unsatisfactory; fail,0,0
6 = ungenügend,extremely poor; inadequate,0,0
Abschlusszeugnis das,school leaving certificate,0,0
Anspitzer der,pencil sharpener,0,0
Antwort die,answer,0,0
antworten,to answer,0,0
anziehen (sich),to get dressed,0,0
Anzug der,suit,0,0
aufpassen,to pay attention,0,0
aufstehen,to get up,0,0
aufwachen,to wake up,0,0
Aula die,(assembly) hall,0,0
Austausch der,exchange,0,0
Auswahl die,choice,0,0
ausziehen (sich),to get undressed,0,0
bestehen,to pass (exam/test),0,0
blau machen,to skip work; to play truant,0,0
Bluse die,blouse,0,0
dauern,to last,0,0
Erfolg der,success,0,0
erfolgreich,successful,0,0
erklären,to explain,0,0
erzählen,to tell; to narrate,0,0
faul,lazy,0,0
fehlen,to be missing; absent,0,0
Ferien (pl),holidays,0,0
fleißig,hard working; industrious,0,0
Frage die,question,0,0
fragen,to ask,0,0
Ganztagsschule die,school that lasts all day,0,0
Gesamtschule die,comprehensive school,0,0
gründen,to found,0,0
Grundschule die,primary school,0,0
Gymnasium das,grammar school,0,0
Halle die,hall,0,0
Hauptschule die,secondary school,0,0
Hausmeister der,caretaker,0,0
Hemd das,shirt,0,0
Hose die,trousers,0,0
Internat das,boarding school,0,0
Klassenarbeit die,test,0,0
Klassenfahrt die,school trip,0,0
Kleid das,dress,0,0
korrigieren,to correct,0,0
Krawatte die,tie,0,0
Kreide die,chalk,0,0
Labor das,laboratory,0,0
Lehrerzimmer das,staff room,0,0
Lineal das,ruler,0,0
malen,to paint,0,0
Mittagspause die,lunch break,0,0
mündlich,orally,0,0
nachsitzen,to have a detention,0,0
Note die,grade; mark,0,0
Notendruck der,pressure to achieve good marks/grades,0,0
Pause die,break,0,0
plaudern,to chat; to talk,0,0
Prüfung die,exam,0,0
rasieren (sich),to shave,0,0
Raum der,room,0,0
Realschule die,secondary school,0,0
rechnen,to calculate; to do sums,0,0
Regel die,rule,0,0
Rock der,skirt,0,0
schaffen,to manage; to cope; to create,0,0
Schal der,scarf,0,0
schminken (sich),to put on make-up,0,0
schriftlich,written,0,0
Schüler der,student,0,0
Schulhof der,school yard; playground,0,0
schwatzen/schwätzen,to chatter,0,0
Seite die,page,0,0
Sekretariat das,office (school); reception,0,0
setzen (sich),to sit down,0,0
sitzen bleiben,to repeat a school year,0,0
Sprachlabor das,language lab,0,0
Stundenplan der,timetable,0,0
Tafel die,black/white board,0,0
Turnhalle die,sports hall,0,0
üben,to practise,0,0
Übung die,exercise,0,0
Umkleideraum der,changing room,0,0
umziehen (sich),to get changed; change clothes,0,0
Unterricht der,lessons; teaching,0,0
unterrichten,to teach,0,0
verlassen,to leave,0,0
Versammlung die,assembly,0,0
verstehen,to understand,0,0
versuchen,to try,0,0
wählen,to choose,0,0
waschen (sich),to have a wash,0,0
wiederholen,to repeat,0,0
wissen,to know,0,0
Wörterbuch das,dictionary,0,0
Zahnbürste die,toothbrush,0,0
Zahnpasta die,toothpaste,0,0
zeichnen,to draw,0,0
Zeugnis das,school report,0,0
zuhören,to listen,0,0
(Azubi) = Auszubildende der,apprentice; trainee,0,0
Abitur das,A-level equivalent,0,0
Abiturient der,person doing the Abitur,0,0
arbeiten,to work,0,0
Arbeitspraktikum das,work experience,0,0
Ausbildung die,(job) training; education,0,0
Ausbildungsplatz der,vacancy/place for a trainee,0,0
Berufsberater der,careers adviser,0,0
Berufsschule die,vocational training school,0,0
bewerben (sich um),to apply for,0,0
Bewerbung die,application,0,0
Brief der,letter,0,0
Chef der,boss,0,0
entscheiden (sich),to decide,0,0
Erfahrung die,experience,0,0
fertig,ready; done,0,0
Führerschein der,driving licence,0,0
Gelegenheit die,opportunity,0,0
Kollege der,colleague,0,0
Kurs der,course,0,0
Lebenslauf der,curriculum vitae (CV),0,0
Lehre die,apprenticeship,0,0
Lohn der,wage,0,0
Mindestlohn der,minimum wage,0,0
Nebenjob der,part-time job,0,0
Oberstufe die,equivalent to sixth-form,0,0
Rat der,advice,0,0
Semester das,term,0,0
Studienplatz der,university place,0,0
Studium das,studies,0,0
theoretisch,theoretical,0,0
verdienen,to earn,0,0
Angestellte der/die,employee,0,0
Apotheker der,pharmacist,0,0
Arbeitszeit die,work hours,0,0
Bäcker der,baker,0,0
Bauarbeiter der,building/construction worker,0,0
bauen,to build,0,0
Bauer der,farmer,0,0
Beamte der/die,civil servant,0,0
Beruf der,job; occupation,0,0
berufstätig (sein),(to be) in work,0,0
beschäftigt (sein),(to be) busy; employed,0,0
beschließen,to decide,0,0
besitzen,to own,0,0
Besitzer der,owner,0,0
Bezahlung die,payment,0,0
Briefträger der,postman,0,0
Büro das,office,0,0
erfüllen,to fulfil,0,0
Feuerwehrmann der,fire fighter,0,0
Fleischer der,butcher,0,0
Friseur der,hairdresser,0,0
ganztags,all day,0,0
Gärtner der,gardener,0,0
Gehalt das,salary,0,0
Halbtagsarbeit die,part time employment,0,0
Hausfrau die,house wife,0,0
im Freien,outside; in the open air,0,0
Karriere die,career,0,0
Kassierer der,cashier; bank clerk,0,0
Klempner der,plumber,0,0
Koch der,chef; cook,0,0
Krankenschwester die,nurse,0,0
LKW-Fahrer der,lorry driver,0,0
Maler der,painter; decorator,0,0
Metzger der,butcher,0,0
Pfarrer der,parish priest; vicar,0,0
Polizei die,police,0,0
Polizist der,policeman,0,0
Postbote der,postman,0,0
Rentner der,pensioner,0,0
Schauspieler der,actor,0,0
Schichtarbeit die,shift work,0,0
suchen,to look for; to search,0,0
Teilzeitjob der,part time job,0,0
Termin der,date; appointment,0,0
Tischler der,carpenter,0,0
Verkäufer der,shop assistant,0,0
Vollzeitarbeit die,full time work,0,0
Vorstellungsgespräch das,job interview,0,0
Werkstatt die,garage,0,0
Wunsch der,wish,0,0
Alleinerziehende der/die,single parent,0,0
alleinstehend,single,0,0
Angeber der,show off; poser,0,0
aufpassen (auf),to look after,0,0
ausgeglichen,balanced,0,0
Bekannte der/die,acquaintance; friend,0,0
Beziehung die,relationship,0,0
Braut die,bride,0,0
Bräutigam der,groom,0,0
Ehe die,marriage,0,0
eifersüchtig,jealous,0,0
einen (guten) Sinn für Humor haben,to have a (good) sense of humour,0,0
eingebildet,conceited,0,0
Enkel der,grandson,0,0
Enkelin die,granddaughter,0,0
gleichgeschlechtliche Ehe/Partnerschaft die,same-sex marriage/partnership,0,0
großzügig,generous,0,0
Junggeselle der,bachelor,0,0
lebhaft,lively,0,0
leiden,to suffer,0,0
minderjährig,(to be a) minor; under legal age,0,0
miteinander,with one another; together,0,0
Neffe der,nephew,0,0
Nichte die,niece,0,0
Schulter die,shoulder,0,0
Schwager der,brother-in-law,0,0
Schwägerin die,sister-in-law,0,0
Schwieger~,~ in-law,0,0
selbstbewusst,self-confident; self-assured,0,0
Trauung die,wedding (ceremony),0,0
treu,faithful; loyal,0,0
Verlobte der/die,fiancé(e),0,0
verrückt,crazy,0,0
Verwandte der/die,relative,0,0
Verwandtschaft die,relations (pl); relatives (pl),0,0
verzeihen,to forgive,0,0
volljährig,(to be) of age,0,0
Vorwahl(nummer) die,long distance code (telephone),0,0
zurechtkommen mit,to cope with,0,0
zuverlässig,reliable,0,0
zweifeln,to doubt,0,0
Anwendungen (pl),applications,0,0
Betriebssystem das,operating system,0,0
Einstellungen (pl),settings,0,0
leistungsstark,powerful (battery; processor),0,0
Sicherheit die,safety,0,0
aufnehmen,to record,0,0
aufregend,exciting,0,0
Bergsteigen das,mountain climbing,0,0
Dirigent der,conductor,0,0
Ente die,duck,0,0
ermüdend,tiring,0,0
Flachbildschirm der,flat screen TV,0,0
Flimmerkiste die,TV; box; telly,0,0
Forelle die,trout,0,0
Gans die,goose,0,0
Geige die,violin,0,0
geräuchert,smoked,0,0
Halbfettmilch die,semi-skimmed milk,0,0
hausgemacht,home made,0,0
Honig der,honey,0,0
Kalbfleisch das,veal,0,0
Knoblauch der,garlic,0,0
Lachs der,salmon,0,0
Lamm(fleisch) das,lamb,0,0
Leichtathletik die,athletics,0,0
Magermilch die,skimmed milk,0,0
Mehl das,flour,0,0
Querflöte die,flute,0,0
Rennen das,race,0,0
Rindfleisch das,beef,0,0
Rührei das,scrambled egg(s),0,0
Schlagzeug das,percussion; drums,0,0
Schlittschuh laufen,ice skating,0,0
schmackhaft,Tasty,0,0
Schweinefleisch das,pork,0,0
Spiegelei das,fried egg,0,0
Sprudel(wasser) der (das),fizzy mineral water,0,0
Truthahn der,turkey,0,0
Überraschung die,surprise,0,0
Untertitel der,subtitle,0,0
Verein der,club,0,0
Vergnügen das,fun; enjoyment,0,0
Vollmilch die,full fat milk,0,0
würzig,spicy,0,0
Aprilscherz der,April fool's trick,0,0
Gastfreundschaft die,hospitality,0,0
Tag der Arbeit (1 Mai),May Day,0,0
Abstellraum der,storeroom,0,0
ausschalten,to switch off,0,0
Besteck das,cutlery,0,0
Brunnen der,well,0,0
Einbahnstraße die,one way street,0,0
einschalten,to switch on,0,0
Essecke die,eating area (eg in the kitchen),0,0
Fahrschein der,ticket (public transport),0,0
Gerät das,appliance,0,0
geräumig,roomy; spacious,0,0
Geschirr das,crockery,0,0
gratis,free of charge,0,0
Grünanlage die,green area; park,0,0
Mehrfamilienhaus das,house for several families (three to six storeys),0,0
Möbelstück das,piece of furniture,0,0
~möglichkeiten,~ possibilities,0,0
öffentliche Verkehrsmittel (pl),public transport,0,0
pleite (sein),to be skint,0,0
preiswert,good value for money; cheap,0,0
Rabatt der,discount,0,0
Sackgasse die,cul-de-sac,0,0
Sparkasse die,(savings) bank,0,0
Stadtteil der,part of the town,0,0
Stadtviertel das,district; part of the town,0,0
Stockwerk das,floor; storey,0,0
Strom der,electricity,0,0
Tiefkühltruhe die,chest freezer,0,0
Treppenhaus das,staircase,0,0
umsonst,free of charge; in vain,0,0
Umzug der,move; moving (house),0,0
Wolkenkratzer der,sky-scraper,0,0
abstinent,teetotal,0,0
Atem der,breath,0,0
Atembeschwerden (pl),breathing difficulties,0,0
Bedürftige der/die,somebody in need,0,0
begehen,to commit; to perpetrate,0,0
benachteiligen,to disadvantage,0,0
bewegen (sich),to move; to get/take some exercise,0,0
Drogenberatungsstelle die,advice centre for drug addicts,0,0
ehrenamtlich,honorary; voluntarily,0,0
ein Mittel gegen ...,something; a medicine for ...,0,0
einatmen,to breathe in,0,0
Eingliederung die,integration,0,0
einnehmen,to take (in),0,0
Entziehungskur die,rehab for drug addiction/alcoholism,0,0
erbrechen (sich),to be sick,0,0
fettarm,low in fat,0,0
Gehirn das,brain,0,0
lebendig,alive,0,0
magersüchtig,anorexic,0,0
Mindesthaltbarkeitsdatum das,best before date,0,0
Nahrung die,food; nourishment,0,0
Rassenvorurteile (pl),racial prejudice,0,0
Rassist der,racist,0,0
Raucherhusten der,smoker's cough,0,0
Rauschgift das,drug; narcotic,0,0
schaden,to damage; to harm,0,0
Straftat die,criminal offence; act,0,0
Süßigkeiten (pl),sweets,0,0
Überdosis die,overdose,0,0
übergewichtig,overweight,0,0
vermeiden,to avoid,0,0
Abholzung die,deforestation,0,0
Auspuffgase (pl),exhaust fumes,0,0
bedürftig,needy,0,0
Düngemittel das,fertiliser,0,0
Einwegflasche die,non-recyclable bottle,0,0
Gleichheit die,equality,0,0
Hauptverkehrszeit die,rush hour,0,0
menschlich,human; humane,0,0
Müllentsorgung die,waste disposal,0,0
Not die,need,0,0
Obdachlosenheim das,hostel for homeless people,0,0
Rote Kreuz das,Red Cross,0,0
überschreiten,to exceed,0,0
verpesten,to pollute,0,0
verschwenden,to waste,0,0
verwenden,to use,0,0
wiederverwerten,to recycle,0,0
Wiederverwertung die,recycling,0,0
Andenken das,souvenir; memento,0,0
ansehen (sich etwas),to have a look at something,0,0
Ärmelkanal der,(English) Channel,0,0
Aufenthalt der,stay,0,0
Auskunft die,information,0,0
Autovermietung die,car rental (firm),0,0
beeilen (sich),to hurry,0,0
begleiten,to accompany,0,0
bestätigen,to confirm,0,0
Bodensee der,Lake Constance,0,0
Dampfer der,steam boat,0,0
Empfang der,welcoming; reception (hotel),0,0
entdecken,to discover,0,0
erinnern (sich),to remember,0,0
Fahrradverleih der,bicycle hire,0,0
Genf,Geneva,0,0
Gepäckaufbewahrung die,place where one can leave luggage for payment (station; airport),0,0
Klimaanlage die,air conditioning,0,0
Prospekt der,brochure; leaflet,0,0
Strandkorb der,wicker beach chair,0,0
Verbindung die,connection,0,0
Verkehrsamt das,tourist information office,0,0
wegen Betriebsferien (pl) geschlossen,(firm/shop/attraction) closed because of holiday,0,0
Zoll der,customs,0,0
Zuschlag der,extra charge; surcharge,0,0
Fremdsprachenassistent der,language assistant,0,0
abschreiben,to copy,0,0
abwesend,absent,0,0
anwesend,present,0,0
Aussprache die,pronunciation,0,0
beantworten,to answer,0,0
durchfallen,to fail (exam/test),0,0
eine Frage stellen,to ask a question,0,0
Ergebnis das,result; outcome,0,0
Gang der,corridor,0,0
Leistung die,achievement,0,0
Leistungsdruck der,pressure to achieve,0,0
Patrone die,cartridge,0,0
Schere die,scissors,0,0
schwänzen,to play truant,0,0
Strafarbeit die,punishment; lines,0,0
versetzt werden,to be moved up to the next year group,0,0
einstellen,to employ,0,0
Fachschule die,technical college,0,0
Hauswirtschaftslehre die,home economics,0,0
Pflichtfach das,compulsory subject,0,0
Sozialkunde die,social studies; politics,0,0
Wahlfach das,optional subject,0,0
Wirtschaftslehre die,business studies; economics,0,0
Arbeitgeber der,Employer,0,0
Besprechung die,meeting; discussion,0,0
Betrieb der,business; concern; works,0,0
kündigen,to hand in one's notice; to sack someone,0,0
vereinbaren,to agree; to arrange,0,0
